[{"location_key":"10595","location_name":"-61, -55","lat":"-61","long":"-55","area":"South Shetland Islands "},{"location_key":"10985","location_name":"-60, -26","lat":"-60","long":"-26","area":"Bristol Island  South Sandwich Islands "},{"location_key":"10986","location_name":"-60, -25","lat":"-60","long":"-25","area":"South Sandwich Islands region "},{"location_key":"10987","location_name":"-60, -24","lat":"-60","long":"-24","area":"South Sandwich Islands region "},{"location_key":"11707","location_name":"-58, -26","lat":"-58","long":"-26","area":"South Sandwich Islands region "},{"location_key":"11708","location_name":"-58, -25","lat":"-58","long":"-25","area":"South Sandwich Islands region "},{"location_key":"11710","location_name":"-58, -23","lat":"-58","long":"-23","area":"South Sandwich Islands region "},{"location_key":"12069","location_name":"-57, -25","lat":"-57","long":"-25","area":"South Sandwich Islands region "},{"location_key":"12429","location_name":"-56, -26","lat":"-56","long":"-26","area":"South Sandwich Islands region "},{"location_key":"12430","location_name":"-56, -25","lat":"-56","long":"-25","area":"South Sandwich Islands region "},{"location_key":"12788","location_name":"-55, -28","lat":"-55","long":"-28","area":"South Sandwich Islands region "},{"location_key":"13179","location_name":"-54, 2","lat":"-54","long":"2","area":"Bouvet Island region "},{"location_key":"15146","location_name":"-49, 164","lat":"-49","long":"164","area":"Auckland Islands  New Zealand region "},{"location_key":"16229","location_name":"-46, 164","lat":"-46","long":"164","area":"Riverton  New Zealand "},{"location_key":"16592","location_name":"-45, 166","lat":"-45","long":"166","area":"Te Anau  New Zealand "},{"location_key":"16593","location_name":"-45, 167","lat":"-45","long":"167","area":"Te Anau  New Zealand "},{"location_key":"16954","location_name":"-44, 167","lat":"-44","long":"167","area":"Te Anau  New Zealand "},{"location_key":"17075","location_name":"-43, -73","lat":"-43","long":"-73","area":"Quellón  Chile South America"},{"location_key":"17190","location_name":"-43, 42","lat":"-43","long":"42","area":"Prince Edward Islands region "},{"location_key":"17319","location_name":"-43, 171","lat":"-43","long":"171","area":"Methven  New Zealand "},{"location_key":"17682","location_name":"-42, 173","lat":"-42","long":"173","area":"Amberley  New Zealand "},{"location_key":"18044","location_name":"-41, 174","lat":"-41","long":"174","area":"Blenheim  New Zealand "},{"location_key":"18518","location_name":"-39, -74","lat":"-39","long":"-74","area":"Corral  Chile "},{"location_key":"18770","location_name":"-39, 178","lat":"-39","long":"178","area":"Gisborne  New Zealand "},{"location_key":"18880","location_name":"-38, -73","lat":"-38","long":"-73","area":"Carahue  Chile South America"},{"location_key":"19239","location_name":"-37, -75","lat":"-37","long":"-75","area":"Lebu  Chile "},{"location_key":"19241","location_name":"-37, -73","lat":"-37","long":"-73","area":"Cañete  Chile South America"},{"location_key":"19493","location_name":"-37, 179","lat":"-37","long":"179","area":"Gisborne  New Zealand "},{"location_key":"19602","location_name":"-36, -73","lat":"-36","long":"-73","area":"Tomé  Chile "},{"location_key":"19603","location_name":"-36, -72","lat":"-36","long":"-72","area":"Tomé  Chile South America"},{"location_key":"19963","location_name":"-35, -73","lat":"-35","long":"-73","area":"Constitución  Chile "},{"location_key":"19964","location_name":"-35, -72","lat":"-35","long":"-72","area":"Constitución  Chile South America"},{"location_key":"19966","location_name":"-35, -70","lat":"-35","long":"-70","area":"Teno  Chile South America"},{"location_key":"20325","location_name":"-34, -72","lat":"-34","long":"-72","area":"San Antonio  Chile "},{"location_key":"20326","location_name":"-34, -71","lat":"-34","long":"-71","area":"Santa Cruz  Chile South America"},{"location_key":"20581","location_name":"-33, -177","lat":"-33","long":"-177","area":"the Kerma12 Islands "},{"location_key":"20686","location_name":"-33, -72","lat":"-33","long":"-72","area":"Valparaíso  Chile "},{"location_key":"20941","location_name":"-32, -178","lat":"-32","long":"-178","area":"the Kerma12 Islands "},{"location_key":"20942","location_name":"-32, -177","lat":"-32","long":"-177","area":"the Kerma12 Islands "},{"location_key":"21048","location_name":"-32, -71","lat":"-32","long":"-71","area":"Hacienda La Calera  Chile South America"},{"location_key":"21301","location_name":"-31, -179","lat":"-31","long":"-179","area":"Kerma12 Islands region "},{"location_key":"21409","location_name":"-31, -71","lat":"-31","long":"-71","area":"Illapel  Chile South America"},{"location_key":"21663","location_name":"-30, -178","lat":"-30","long":"-178","area":"L'Esperance Rock  New Zealand "},{"location_key":"21664","location_name":"-30, -177","lat":"-30","long":"-177","area":"Kerma12 Islands  New Zealand "},{"location_key":"21770","location_name":"-30, -71","lat":"-30","long":"-71","area":"Coquimbo  Chile South America"},{"location_key":"22025","location_name":"-29, -177","lat":"-29","long":"-177","area":"Kerma12 Islands  New Zealand "},{"location_key":"22026","location_name":"-29, -176","lat":"-29","long":"-176","area":"Kerma12 Islands region "},{"location_key":"22130","location_name":"-29, -72","lat":"-29","long":"-72","area":"Coquimbo  Chile "},{"location_key":"22387","location_name":"-28, -176","lat":"-28","long":"-176","area":"Kerma12 Islands region "},{"location_key":"22492","location_name":"-28, -71","lat":"-28","long":"-71","area":"Vallenar  Chile "},{"location_key":"22493","location_name":"-28, -70","lat":"-28","long":"-70","area":"Vallenar  Chile South America"},{"location_key":"22853","location_name":"-27, -71","lat":"-27","long":"-71","area":"Vallenar  Chile "},{"location_key":"22854","location_name":"-27, -70","lat":"-27","long":"-70","area":"Copiapó  Chile South America"},{"location_key":"23463","location_name":"-26, 178","lat":"-26","long":"178","area":"the Fiji Islands "},{"location_key":"23824","location_name":"-25, 178","lat":"-25","long":"178","area":"the Fiji Islands "},{"location_key":"24189","location_name":"-23, -179","lat":"-23","long":"-179","area":"the Fiji Islands "},{"location_key":"24190","location_name":"-23, -178","lat":"-23","long":"-178","area":"the Fiji Islands "},{"location_key":"24191","location_name":"-23, -177","lat":"-23","long":"-177","area":"Vaini  Tonga "},{"location_key":"24194","location_name":"-23, -174","lat":"-23","long":"-174","area":"‘Ohonua  Tonga "},{"location_key":"24300","location_name":"-23, -68","lat":"-23","long":"-68","area":"San Pedro de Atacama  Chile South America"},{"location_key":"24302","location_name":"-23, -66","lat":"-23","long":"-66","area":"El Aguilar  Argentina South America"},{"location_key":"24539","location_name":"-23, 171","lat":"-23","long":"171","area":"the Loyalty Islands "},{"location_key":"24660","location_name":"-22, -69","lat":"-22","long":"-69","area":"Tocopilla  Chile South America"},{"location_key":"24662","location_name":"-22, -67","lat":"-22","long":"-67","area":"San Pedro de Atacama  Chile South America"},{"location_key":"24754","location_name":"-22, 25","lat":"-22","long":"25","area":"Moijabana  Botswana Africa"},{"location_key":"24898","location_name":"-22, 169","lat":"-22","long":"169","area":"Tadine  New Caledonia "},{"location_key":"24899","location_name":"-22, 170","lat":"-22","long":"170","area":"the Loyalty Islands "},{"location_key":"24902","location_name":"-22, 173","lat":"-22","long":"173","area":"the Loyalty Islands "},{"location_key":"24911","location_name":"-21, -179","lat":"-21","long":"-179","area":"Ndoi Island  Fiji "},{"location_key":"24913","location_name":"-21, -177","lat":"-21","long":"-177","area":"Haveluloto  Tonga "},{"location_key":"25022","location_name":"-21, -68","lat":"-21","long":"-68","area":"Calama  Chile South America"},{"location_key":"25123","location_name":"-21, 33","lat":"-21","long":"33","area":"Chipinge  Zimbabwe Africa"},{"location_key":"25258","location_name":"-21, 168","lat":"-21","long":"168","area":"Tadine  New Caledonia "},{"location_key":"25259","location_name":"-21, 169","lat":"-21","long":"169","area":"Tadine  New Caledonia "},{"location_key":"25260","location_name":"-21, 170","lat":"-21","long":"170","area":"Isangel  Vanuatu "},{"location_key":"25273","location_name":"-20, -178","lat":"-20","long":"-178","area":"Ndoi Island  Fiji "},{"location_key":"25277","location_name":"-20, -174","lat":"-20","long":"-174","area":"Pangai  Tonga "},{"location_key":"25381","location_name":"-20, -70","lat":"-20","long":"-70","area":"Iquique  Chile "},{"location_key":"25388","location_name":"-20, -63","lat":"-20","long":"-63","area":"Boyuibe  Bolivia South America"},{"location_key":"25619","location_name":"-20, 168","lat":"-20","long":"168","area":"Wé  New Caledonia "},{"location_key":"25620","location_name":"-20, 169","lat":"-20","long":"169","area":"Isangel  Vanuatu "},{"location_key":"25639","location_name":"-19, -173","lat":"-19","long":"-173","area":"Pangai  Tonga "},{"location_key":"25640","location_name":"-19, -172","lat":"-19","long":"-172","area":"Neiafu  Tonga "},{"location_key":"25742","location_name":"-19, -70","lat":"-19","long":"-70","area":"Iquique  Chile South America"},{"location_key":"25743","location_name":"-19, -69","lat":"-19","long":"-69","area":"Iquique  Chile South America"},{"location_key":"25749","location_name":"-19, -63","lat":"-19","long":"-63","area":"Padilla  Bolivia South America"},{"location_key":"25979","location_name":"-19, 167","lat":"-19","long":"167","area":"Isangel  Vanuatu "},{"location_key":"25980","location_name":"-19, 168","lat":"-19","long":"168","area":"Isangel  Vanuatu "},{"location_key":"25988","location_name":"-19, 176","lat":"-19","long":"176","area":"Nadi  Fiji "},{"location_key":"25995","location_name":"-18, -178","lat":"-18","long":"-178","area":"Levuka  Fiji "},{"location_key":"25997","location_name":"-18, -176","lat":"-18","long":"-176","area":"Pangai  Tonga "},{"location_key":"25998","location_name":"-18, -175","lat":"-18","long":"-175","area":"Neiafu  Tonga "},{"location_key":"25999","location_name":"-18, -174","lat":"-18","long":"-174","area":"Neiafu  Tonga "},{"location_key":"26293","location_name":"-18, 120","lat":"-18","long":"120","area":"Broome  Australia "},{"location_key":"26341","location_name":"-18, 168","lat":"-18","long":"168","area":"Port-Vila  Vanuatu "},{"location_key":"26352","location_name":"-18, 179","lat":"-18","long":"179","area":"Levuka  Fiji "},{"location_key":"26356","location_name":"-17, -178","lat":"-17","long":"-178","area":"Levuka  Fiji "},{"location_key":"26462","location_name":"-17, -72","lat":"-17","long":"-72","area":"Punta de Bombón  Peru "},{"location_key":"26463","location_name":"-17, -71","lat":"-17","long":"-71","area":"Pacocha  Peru "},{"location_key":"26600","location_name":"-17, 66","lat":"-17","long":"66","area":"Mauritius - Reunion region "},{"location_key":"26701","location_name":"-17, 167","lat":"-17","long":"167","area":"Port-Vila  Vanuatu "},{"location_key":"26702","location_name":"-17, 168","lat":"-17","long":"168","area":"Port-Vila  Vanuatu "},{"location_key":"26712","location_name":"-17, 178","lat":"-17","long":"178","area":"Ba  Fiji "},{"location_key":"26718","location_name":"-16, -177","lat":"-16","long":"-177","area":"Alo  Wallis and Futuna "},{"location_key":"26723","location_name":"-16, -172","lat":"-16","long":"-172","area":"Hihifo  Tonga "},{"location_key":"26822","location_name":"-16, -73","lat":"-16","long":"-73","area":"Achanizo  Peru "},{"location_key":"27062","location_name":"-16, 167","lat":"-16","long":"167","area":"Lakatoro  Vanuatu "},{"location_key":"27063","location_name":"-16, 168","lat":"-16","long":"168","area":"Lakatoro  Vanuatu "},{"location_key":"27071","location_name":"-16, 176","lat":"-16","long":"176","area":"Lautoka  Fiji "},{"location_key":"27078","location_name":"-15, -178","lat":"-15","long":"-178","area":"Alo  Wallis and Futuna "},{"location_key":"27083","location_name":"-15, -173","lat":"-15","long":"-173","area":"Hihifo  Tonga "},{"location_key":"27084","location_name":"-15, -172","lat":"-15","long":"-172","area":"Matavai  Samoa "},{"location_key":"27182","location_name":"-15, -74","lat":"-15","long":"-74","area":"Atiquipa  Peru "},{"location_key":"27423","location_name":"-15, 167","lat":"-15","long":"167","area":"Port-Olry  Vanuatu "},{"location_key":"27442","location_name":"-14, -175","lat":"-14","long":"-175","area":"Mata-Utu  Wallis and Futuna "},{"location_key":"27542","location_name":"-14, -75","lat":"-14","long":"-75","area":"Santiago  Peru South America"},{"location_key":"27544","location_name":"-14, -73","lat":"-14","long":"-73","area":"Aniso  Peru South America"},{"location_key":"27547","location_name":"-14, -70","lat":"-14","long":"-70","area":"Azángaro  Peru South America"},{"location_key":"27783","location_name":"-14, 166","lat":"-14","long":"166","area":"Sola  Vanuatu "},{"location_key":"27784","location_name":"-14, 167","lat":"-14","long":"167","area":"Port-Olry  Vanuatu Oceania"},{"location_key":"27902","location_name":"-13, -76","lat":"-13","long":"-76","area":"San Vicente de Cañete  Peru "},{"location_key":"28143","location_name":"-13, 165","lat":"-13","long":"165","area":"Sola  Vanuatu "},{"location_key":"28144","location_name":"-13, 166","lat":"-13","long":"166","area":"Sola  Vanuatu "},{"location_key":"28145","location_name":"-13, 167","lat":"-13","long":"167","area":"Sola  Vanuatu "},{"location_key":"28505","location_name":"-12, 166","lat":"-12","long":"166","area":"Lata  Solomon Islands "},{"location_key":"28630","location_name":"-11, -70","lat":"-11","long":"-70","area":"Iñapari  Peru South America"},{"location_key":"28862","location_name":"-11, 162","lat":"-11","long":"162","area":"Kirakira  Solomon Islands "},{"location_key":"28863","location_name":"-11, 163","lat":"-11","long":"163","area":"Kirakira  Solomon Islands "},{"location_key":"28864","location_name":"-11, 164","lat":"-11","long":"164","area":"Lata  Solomon Islands "},{"location_key":"28865","location_name":"-11, 165","lat":"-11","long":"165","area":"Lata  Solomon Islands "},{"location_key":"28990","location_name":"-10, -71","lat":"-10","long":"-71","area":"Iñapari  Peru South America"},{"location_key":"28991","location_name":"-10, -70","lat":"-10","long":"-70","area":"Iñapari  Peru South America"},{"location_key":"29168","location_name":"-10, 107","lat":"-10","long":"107","area":"Java  Indonesia "},{"location_key":"29221","location_name":"-10, 160","lat":"-10","long":"160","area":"Kirakira  Solomon Islands "},{"location_key":"29222","location_name":"-10, 161","lat":"-10","long":"161","area":"Kirakira  Solomon Islands "},{"location_key":"29223","location_name":"-10, 162","lat":"-10","long":"162","area":"Kirakira  Solomon Islands "},{"location_key":"29225","location_name":"-10, 164","lat":"-10","long":"164","area":"Lata  Solomon Islands "},{"location_key":"29226","location_name":"-10, 165","lat":"-10","long":"165","area":"Lata  Solomon Islands "},{"location_key":"29227","location_name":"-10, 166","lat":"-10","long":"166","area":"Lata  Solomon Islands "},{"location_key":"29351","location_name":"-9, -71","lat":"-9","long":"-71","area":"Tarauacá  Brazil South America"},{"location_key":"29529","location_name":"-9, 107","lat":"-9","long":"107","area":"Singaparna  Indonesia "},{"location_key":"29544","location_name":"-9, 122","lat":"-9","long":"122","area":"Naisano Dua  Indonesia "},{"location_key":"29579","location_name":"-9, 157","lat":"-9","long":"157","area":"Gizo  Solomon Islands "},{"location_key":"29580","location_name":"-9, 158","lat":"-9","long":"158","area":"Malango  Solomon Islands "},{"location_key":"29581","location_name":"-9, 159","lat":"-9","long":"159","area":"Malango  Solomon Islands Oceania"},{"location_key":"29712","location_name":"-8, -71","lat":"-8","long":"-71","area":"Tarauaca  Brazil South America"},{"location_key":"29899","location_name":"-8, 116","lat":"-8","long":"116","area":"Labuan Lombok  Indonesia "},{"location_key":"29901","location_name":"-8, 118","lat":"-8","long":"118","area":"Bima  Indonesia "},{"location_key":"29903","location_name":"-8, 120","lat":"-8","long":"120","area":"Ruteng  Indonesia "},{"location_key":"29907","location_name":"-8, 124","lat":"-8","long":"124","area":"Maubara  Timor Leste "},{"location_key":"29940","location_name":"-8, 157","lat":"-8","long":"157","area":"Gizo  Solomon Islands "},{"location_key":"29941","location_name":"-8, 158","lat":"-8","long":"158","area":"Buala  Solomon Islands "},{"location_key":"30070","location_name":"-7, -74","lat":"-7","long":"-74","area":"Contamana  Peru South America"},{"location_key":"30248","location_name":"-7, 104","lat":"-7","long":"104","area":"Labuan  Indonesia "},{"location_key":"30251","location_name":"-7, 107","lat":"-7","long":"107","area":"Banjar  Indonesia "},{"location_key":"30252","location_name":"-7, 108","lat":"-7","long":"108","area":"Kawalu  Indonesia "},{"location_key":"30263","location_name":"-7, 119","lat":"-7","long":"119","area":"Labuan Bajo  Indonesia "},{"location_key":"30266","location_name":"-7, 122","lat":"-7","long":"122","area":"Maumere  Indonesia "},{"location_key":"30267","location_name":"-7, 123","lat":"-7","long":"123","area":"Maumere  Indonesia "},{"location_key":"30271","location_name":"-7, 127","lat":"-7","long":"127","area":"Lospalos  Timor Leste "},{"location_key":"30272","location_name":"-7, 128","lat":"-7","long":"128","area":"Lospalos  Timor Leste "},{"location_key":"30290","location_name":"-7, 146","lat":"-7","long":"146","area":"Wau  Papua New Guinea "},{"location_key":"30291","location_name":"-7, 147","lat":"-7","long":"147","area":"Popondetta  Papua New Guinea "},{"location_key":"30298","location_name":"-7, 154","lat":"-7","long":"154","area":"Panguna  Papua New Guinea "},{"location_key":"30299","location_name":"-7, 155","lat":"-7","long":"155","area":"Panguna  Papua New Guinea "},{"location_key":"30534","location_name":"-6, 29","lat":"-6","long":"29","area":"Kalemie  Democratic Republic Africa"},{"location_key":"30610","location_name":"-6, 105","lat":"-6","long":"105","area":"Labuan  Indonesia "},{"location_key":"30628","location_name":"-6, 123","lat":"-6","long":"123","area":"Katabu  Indonesia "},{"location_key":"30634","location_name":"-6, 129","lat":"-6","long":"129","area":"Saumlaki  Indonesia "},{"location_key":"30635","location_name":"-6, 130","lat":"-6","long":"130","area":"Tual  Indonesia "},{"location_key":"30647","location_name":"-6, 142","lat":"-6","long":"142","area":"Tari  Papua New Guinea "},{"location_key":"30650","location_name":"-6, 145","lat":"-6","long":"145","area":"Kainantu  Papua New Guinea "},{"location_key":"30651","location_name":"-6, 146","lat":"-6","long":"146","area":"Kainantu  Papua New Guinea Oceania"},{"location_key":"30652","location_name":"-6, 147","lat":"-6","long":"147","area":"Finschhafen  Papua New Guinea "},{"location_key":"30653","location_name":"-6, 148","lat":"-6","long":"148","area":"Kandrian  Papua New Guinea "},{"location_key":"30654","location_name":"-6, 149","lat":"-6","long":"149","area":"Kandrian  Papua New Guinea "},{"location_key":"30656","location_name":"-6, 151","lat":"-6","long":"151","area":"Kimbe  Papua New Guinea "},{"location_key":"30657","location_name":"-6, 152","lat":"-6","long":"152","area":"Kokopo  Papua New Guinea "},{"location_key":"30659","location_name":"-6, 154","lat":"-6","long":"154","area":"Panguna  Papua New Guinea "},{"location_key":"30660","location_name":"-6, 155","lat":"-6","long":"155","area":"Panguna  Papua New Guinea "},{"location_key":"30790","location_name":"-5, -76","lat":"-5","long":"-76","area":"Yurimaguas  Peru South America"},{"location_key":"30791","location_name":"-5, -75","lat":"-5","long":"-75","area":"Navarro  Peru South America"},{"location_key":"30973","location_name":"-5, 107","lat":"-5","long":"107","area":"Rengasdengklok  Indonesia "},{"location_key":"30976","location_name":"-5, 110","lat":"-5","long":"110","area":"Batang  Indonesia "},{"location_key":"30988","location_name":"-5, 122","lat":"-5","long":"122","area":"Katabu  Indonesia "},{"location_key":"31012","location_name":"-5, 146","lat":"-5","long":"146","area":"Madang  Papua New Guinea "},{"location_key":"31013","location_name":"-5, 147","lat":"-5","long":"147","area":"Lae  Papua New Guinea "},{"location_key":"31014","location_name":"-5, 148","lat":"-5","long":"148","area":"Finschhafen  Papua New Guinea "},{"location_key":"31016","location_name":"-5, 150","lat":"-5","long":"150","area":"Kimbe  Papua New Guinea "},{"location_key":"31017","location_name":"-5, 151","lat":"-5","long":"151","area":"Kimbe  Papua New Guinea "},{"location_key":"31018","location_name":"-5, 152","lat":"-5","long":"152","area":"Kokopo  Papua New Guinea "},{"location_key":"31019","location_name":"-5, 153","lat":"-5","long":"153","area":"Kokopo  Papua New Guinea "},{"location_key":"31151","location_name":"-4, -76","lat":"-4","long":"-76","area":"Barranca  Peru South America"},{"location_key":"31321","location_name":"-4, 94","lat":"-4","long":"94","area":"Sumatra  Indonesia "},{"location_key":"31327","location_name":"-4, 100","lat":"-4","long":"100","area":"Bengkulu  Indonesia "},{"location_key":"31328","location_name":"-4, 101","lat":"-4","long":"101","area":"Bengkulu  Indonesia "},{"location_key":"31329","location_name":"-4, 102","lat":"-4","long":"102","area":"Bengkulu  Indonesia "},{"location_key":"31335","location_name":"-4, 108","lat":"-4","long":"108","area":"Pamanukan  Indonesia "},{"location_key":"31350","location_name":"-4, 123","lat":"-4","long":"123","area":"Kendari  Indonesia "},{"location_key":"31355","location_name":"-4, 128","lat":"-4","long":"128","area":"Ambon  Indonesia "},{"location_key":"31356","location_name":"-4, 129","lat":"-4","long":"129","area":"Amahai  Indonesia "},{"location_key":"31360","location_name":"-4, 133","lat":"-4","long":"133","area":"Papua  Indonesia "},{"location_key":"31361","location_name":"-4, 134","lat":"-4","long":"134","area":"Tual  Indonesia "},{"location_key":"31362","location_name":"-4, 135","lat":"-4","long":"135","area":"Papua  Indonesia "},{"location_key":"31370","location_name":"-4, 143","lat":"-4","long":"143","area":"Angoram  Papua New Guinea "},{"location_key":"31379","location_name":"-4, 152","lat":"-4","long":"152","area":"Namatanai  Papua New Guinea "},{"location_key":"31380","location_name":"-4, 153","lat":"-4","long":"153","area":"Kokopo  Papua New Guinea "},{"location_key":"31688","location_name":"-3, 100","lat":"-3","long":"100","area":"Sungai Penuh  Indonesia "},{"location_key":"31689","location_name":"-3, 101","lat":"-3","long":"101","area":"Bengkulu  Indonesia "},{"location_key":"31715","location_name":"-3, 127","lat":"-3","long":"127","area":"Ambon  Indonesia "},{"location_key":"31716","location_name":"-3, 128","lat":"-3","long":"128","area":"Kairatu  Indonesia "},{"location_key":"31723","location_name":"-3, 135","lat":"-3","long":"135","area":"Nabire  Indonesia "},{"location_key":"31726","location_name":"-3, 138","lat":"-3","long":"138","area":"Abepura  Indonesia "},{"location_key":"31730","location_name":"-3, 142","lat":"-3","long":"142","area":"Aitape  Papua New Guinea "},{"location_key":"31732","location_name":"-3, 144","lat":"-3","long":"144","area":"Angoram  Papua New Guinea "},{"location_key":"31740","location_name":"-3, 152","lat":"-3","long":"152","area":"Rabaul  Papua New Guinea "},{"location_key":"31741","location_name":"-3, 153","lat":"-3","long":"153","area":"Kokopo  Papua New Guinea "},{"location_key":"31872","location_name":"-2, -77","lat":"-2","long":"-77","area":"Palora  Ecuador South America"},{"location_key":"32048","location_name":"-2, 99","lat":"-2","long":"99","area":"Padang  Indonesia "},{"location_key":"32049","location_name":"-2, 100","lat":"-2","long":"100","area":"Sungai Penuh  Indonesia Asia"},{"location_key":"32050","location_name":"-2, 101","lat":"-2","long":"101","area":"Sungai Penuh  Indonesia "},{"location_key":"32085","location_name":"-2, 136","lat":"-2","long":"136","area":"Biak  Indonesia "},{"location_key":"32087","location_name":"-2, 138","lat":"-2","long":"138","area":"Abepura  Indonesia "},{"location_key":"32409","location_name":"-1, 99","lat":"-1","long":"99","area":"Padang  Indonesia "},{"location_key":"32410","location_name":"-1, 100","lat":"-1","long":"100","area":"Padang  Indonesia "},{"location_key":"32430","location_name":"-1, 120","lat":"-1","long":"120","area":"Poso  Indonesia "},{"location_key":"32432","location_name":"-1, 122","lat":"-1","long":"122","area":"Luwuk  Indonesia "},{"location_key":"32443","location_name":"-1, 133","lat":"-1","long":"133","area":"Manokwari  Indonesia "},{"location_key":"32444","location_name":"-1, 134","lat":"-1","long":"134","area":"Manokwari  Indonesia "},{"location_key":"32592","location_name":"0, -79","lat":"0","long":"-79","area":"Rosa Zarate  Ecuador South America"},{"location_key":"32642","location_name":"0, -29","lat":"0","long":"-29","area":"central Mid-Atlantic Ridge "},{"location_key":"32645","location_name":"0, -26","lat":"0","long":"-26","area":"central Mid-Atlantic Ridge "},{"location_key":"32763","location_name":"0, 92","lat":"0","long":"92","area":"off the west coast of northern Sumatra "},{"location_key":"32767","location_name":"0, 96","lat":"0","long":"96","area":"Sinabang  Indonesia "},{"location_key":"32768","location_name":"0, 97","lat":"0","long":"97","area":"Singkil  Indonesia "},{"location_key":"32769","location_name":"0, 98","lat":"0","long":"98","area":"Pariaman  Indonesia Asia"},{"location_key":"32770","location_name":"0, 99","lat":"0","long":"99","area":"Pariaman  Indonesia "},{"location_key":"32790","location_name":"0, 119","lat":"0","long":"119","area":"Palu  Indonesia "},{"location_key":"32797","location_name":"0, 126","lat":"0","long":"126","area":"Kota Ternate  Indonesia "},{"location_key":"32799","location_name":"0, 128","lat":"0","long":"128","area":"Laiwui  Indonesia "},{"location_key":"32802","location_name":"0, 131","lat":"0","long":"131","area":"Sorong  Indonesia "},{"location_key":"32803","location_name":"0, 132","lat":"0","long":"132","area":"Manokwari  Indonesia "},{"location_key":"32804","location_name":"0, 133","lat":"0","long":"133","area":"Manokwari  Indonesia "},{"location_key":"32955","location_name":"1, -77","lat":"1","long":"-77","area":"Yacuanquer  Colombia South America"},{"location_key":"32956","location_name":"1, -76","lat":"1","long":"-76","area":"San Agustín  Colombia South America"},{"location_key":"33129","location_name":"1, 97","lat":"1","long":"97","area":"Singkil  Indonesia "},{"location_key":"33154","location_name":"1, 122","lat":"1","long":"122","area":"Gorontalo  Indonesia "},{"location_key":"33158","location_name":"1, 126","lat":"1","long":"126","area":"Ternate  Indonesia "},{"location_key":"33159","location_name":"1, 127","lat":"1","long":"127","area":"Tobelo  Indonesia "},{"location_key":"33316","location_name":"2, -77","lat":"2","long":"-77","area":"Timbiquí  Colombia "},{"location_key":"33486","location_name":"2, 93","lat":"2","long":"93","area":"off the west coast of northern Sumatra "},{"location_key":"33488","location_name":"2, 95","lat":"2","long":"95","area":"Sinabang  Indonesia "},{"location_key":"33489","location_name":"2, 96","lat":"2","long":"96","area":"Sinabang  Indonesia "},{"location_key":"33490","location_name":"2, 97","lat":"2","long":"97","area":"Kabanjahe  Indonesia "},{"location_key":"33520","location_name":"2, 127","lat":"2","long":"127","area":"Tobelo  Indonesia "},{"location_key":"33521","location_name":"2, 128","lat":"2","long":"128","area":"Tobelo  Indonesia "},{"location_key":"33849","location_name":"3, 95","lat":"3","long":"95","area":"2004 Sumatra - Andaman Islands Earthquake "},{"location_key":"33850","location_name":"3, 96","lat":"3","long":"96","area":"Meulaboh  Indonesia "},{"location_key":"33880","location_name":"3, 126","lat":"3","long":"126","area":"Sarangani  Philippines "},{"location_key":"34038","location_name":"4, -77","lat":"4","long":"-77","area":"Pizarro  Colombia "},{"location_key":"34241","location_name":"4, 126","lat":"4","long":"126","area":"Pulau-Pulau Talaud  Indonesia "},{"location_key":"34599","location_name":"5, 123","lat":"5","long":"123","area":"Palimbang  Philippines "},{"location_key":"34603","location_name":"5, 127","lat":"5","long":"127","area":"Pondaguitan  Philippines "},{"location_key":"34960","location_name":"6, 123","lat":"6","long":"123","area":"Sangay  Philippines "},{"location_key":"34961","location_name":"6, 124","lat":"6","long":"124","area":"Mindanao  Philippines "},{"location_key":"34963","location_name":"6, 126","lat":"6","long":"126","area":"Mindanao  Philippines "},{"location_key":"35116","location_name":"7, -82","lat":"7","long":"-82","area":"Punta de Burica  Panama "},{"location_key":"35289","location_name":"7, 91","lat":"7","long":"91","area":"Nicobar Islands  India region "},{"location_key":"35477","location_name":"8, -82","lat":"8","long":"-82","area":"Progreso  Panama "},{"location_key":"35651","location_name":"8, 92","lat":"8","long":"92","area":"Nicobar Islands  India region "},{"location_key":"36043","location_name":"9, 123","lat":"9","long":"123","area":"Jimalalud  Philippines "},{"location_key":"36196","location_name":"10, -85","lat":"10","long":"-85","area":"Ho1cha  Costa Rica "},{"location_key":"36239","location_name":"10, -42","lat":"10","long":"-42","area":"northern Mid-Atlantic Ridge "},{"location_key":"36407","location_name":"10, 126","lat":"10","long":"126","area":"Sulangan  Philippines "},{"location_key":"36556","location_name":"11, -86","lat":"11","long":"-86","area":"San Juan del Sur  Nicaragua "},{"location_key":"36557","location_name":"11, -85","lat":"11","long":"-85","area":"Belén  Nicaragua "},{"location_key":"36733","location_name":"11, 91","lat":"11","long":"91","area":"Bamboo Flat  India "},{"location_key":"36766","location_name":"11, 124","lat":"11","long":"124","area":"Lim-oo  Philippines "},{"location_key":"36915","location_name":"12, -88","lat":"12","long":"-88","area":"Puerto El Triunfo  El Salvador "},{"location_key":"36916","location_name":"12, -87","lat":"12","long":"-87","area":"Jiquilillo  Nicaragua "},{"location_key":"37127","location_name":"12, 124","lat":"12","long":"124","area":"San Pedro  Philippines "},{"location_key":"37128","location_name":"12, 125","lat":"12","long":"125","area":"Can-Avid  Philippines "},{"location_key":"37147","location_name":"12, 144","lat":"12","long":"144","area":"Inara1 Village  Guam "},{"location_key":"37273","location_name":"13, -91","lat":"13","long":"-91","area":"Champerico  Guatemala "},{"location_key":"37274","location_name":"13, -90","lat":"13","long":"-90","area":"Iztapa  Guatemala "},{"location_key":"37275","location_name":"13, -89","lat":"13","long":"-89","area":"La Libertad  El Salvador "},{"location_key":"37276","location_name":"13, -88","lat":"13","long":"-88","area":"Cojutepeque  El Salvador "},{"location_key":"37306","location_name":"13, -58","lat":"13","long":"-58","area":"Bathsheba  Barbados "},{"location_key":"37456","location_name":"13, 92","lat":"13","long":"92","area":"Bamboo Flat  India "},{"location_key":"37457","location_name":"13, 93","lat":"13","long":"93","area":"Bamboo Flat  India "},{"location_key":"37484","location_name":"13, 120","lat":"13","long":"120","area":"Hukay  Philippines Asia"},{"location_key":"37489","location_name":"13, 125","lat":"13","long":"125","area":"Philippine Islands region "},{"location_key":"37508","location_name":"13, 144","lat":"13","long":"144","area":"Piti Village  Guam "},{"location_key":"37633","location_name":"14, -92","lat":"14","long":"-92","area":"Brisas Barra de Suchiate  Mexico "},{"location_key":"37664","location_name":"14, -61","lat":"14","long":"-61","area":"Basse-Pointe  3tinique "},{"location_key":"37667","location_name":"14, -58","lat":"14","long":"-58","area":"Greenland  Barbados "},{"location_key":"37817","location_name":"14, 92","lat":"14","long":"92","area":"Bamboo Flat  India "},{"location_key":"37871","location_name":"14, 146","lat":"14","long":"146","area":"San Jose Village  Northern 3iana Islands "},{"location_key":"37991","location_name":"15, -95","lat":"15","long":"-95","area":"Santa 3ía Xadani  Mexico North America"},{"location_key":"37993","location_name":"15, -93","lat":"15","long":"-93","area":"Manuel Ávila Camacho (Ponte Duro)  Mexico "},{"location_key":"38347","location_name":"16, -100","lat":"16","long":"-100","area":"Nuxco  Mexico North America"},{"location_key":"38348","location_name":"16, -99","lat":"16","long":"-99","area":"Acapulco  Mexico North America"},{"location_key":"38349","location_name":"16, -98","lat":"16","long":"-98","area":"Santiago Llano Grande  Mexico North America"},{"location_key":"38350","location_name":"16, -97","lat":"16","long":"-97","area":"Pinotepa de Don Luis  Mexico North America"},{"location_key":"38353","location_name":"16, -94","lat":"16","long":"-94","area":"General Pascual Fentes  Mexico "},{"location_key":"38361","location_name":"16, -86","lat":"16","long":"-86","area":"Guanaja  Honduras "},{"location_key":"38708","location_name":"17, -100","lat":"17","long":"-100","area":"Coyuquilla Norte  Mexico North America"},{"location_key":"38709","location_name":"17, -99","lat":"17","long":"-99","area":"Nuevo Balsas  Mexico North America"},{"location_key":"38714","location_name":"17, -94","lat":"17","long":"-94","area":"Helio García Alfaro  Mexico "},{"location_key":"38725","location_name":"17, -83","lat":"17","long":"-83","area":"Barra Patuca  Honduras "},{"location_key":"38928","location_name":"17, 120","lat":"17","long":"120","area":"Bantay  Philippines Asia"},{"location_key":"39063","location_name":"18, -106","lat":"18","long":"-106","area":"La Cruz de Loreto  Mexico "},{"location_key":"39065","location_name":"18, -104","lat":"18","long":"-104","area":"Cuyutlán  Mexico North America"},{"location_key":"39066","location_name":"18, -103","lat":"18","long":"-103","area":"Aguililla  Mexico North America"},{"location_key":"39067","location_name":"18, -102","lat":"18","long":"-102","area":"Aguililla  Mexico North America"},{"location_key":"39071","location_name":"18, -98","lat":"18","long":"-98","area":"Matzaco  Mexico North America"},{"location_key":"39088","location_name":"18, -81","lat":"18","long":"-81","area":"George Town  Cayman Islands "},{"location_key":"39096","location_name":"18, -73","lat":"18","long":"-73","area":"Nippes  Haiti North America"},{"location_key":"39097","location_name":"18, -72","lat":"18","long":"-72","area":"Léogâne  Haiti "},{"location_key":"39314","location_name":"18, 145","lat":"18","long":"145","area":"Pagan region  Northern 3iana Islands "},{"location_key":"39375","location_name":"19, -155","lat":"19","long":"-155","area":"Leilani Estates  Hawaii "},{"location_key":"39452","location_name":"19, -78","lat":"19","long":"-78","area":"Lucea  Jamaica "},{"location_key":"39625","location_name":"19, 95","lat":"19","long":"95","area":"Taungdwingyi  Myan3 Asia"},{"location_key":"39985","location_name":"20, 94","lat":"20","long":"94","area":"Chauk  Myan3 Asia"},{"location_key":"39990","location_name":"20, 99","lat":"20","long":"99","area":"Tachilek  Myan3 Asia"},{"location_key":"40372","location_name":"21, 120","lat":"21","long":"120","area":"Hengchun  Taiwan Asia"},{"location_key":"41044","location_name":"23, 70","lat":"23","long":"70","area":"Bhach?u  India Asia"},{"location_key":"41068","location_name":"23, 94","lat":"23","long":"94","area":"Mawlaik  Myan3 Asia"},{"location_key":"41069","location_name":"23, 95","lat":"23","long":"95","area":"Shwebo  Myan3 Asia"},{"location_key":"41095","location_name":"23, 121","lat":"23","long":"121","area":"Yujing  Taiwan Asia"},{"location_key":"41096","location_name":"23, 122","lat":"23","long":"122","area":"Yonakuni  Japan "},{"location_key":"41100","location_name":"23, 126","lat":"23","long":"126","area":"Hirara  Japan "},{"location_key":"41226","location_name":"24, -109","lat":"24","long":"-109","area":"Topolobampo  Mexico "},{"location_key":"41428","location_name":"24, 93","lat":"24","long":"93","area":"Imph?l  India Asia"},{"location_key":"41457","location_name":"24, 122","lat":"24","long":"122","area":"Yonakuni  Japan "},{"location_key":"41824","location_name":"25, 128","lat":"25","long":"128","area":"Katsuren-haebaru  Japan "},{"location_key":"41947","location_name":"26, -110","lat":"26","long":"-110","area":"Etchoropo  Mexico "},{"location_key":"42122","location_name":"26, 65","lat":"26","long":"65","area":"Bela  Pakistan Asia"},{"location_key":"42483","location_name":"27, 65","lat":"27","long":"65","area":"Khuzdar  Pakistan Asia"},{"location_key":"42504","location_name":"27, 86","lat":"27","long":"86","area":"Kod?ri??  Nepal Asia"},{"location_key":"42506","location_name":"27, 88","lat":"27","long":"88","area":"Mangan  India Asia"},{"location_key":"42545","location_name":"27, 127","lat":"27","long":"127","area":"Nago  Japan "},{"location_key":"42557","location_name":"27, 139","lat":"27","long":"139","area":"Bonin Islands  Japan region "},{"location_key":"42558","location_name":"27, 140","lat":"27","long":"140","area":"Bonin Islands  Japan region "},{"location_key":"42666","location_name":"28, -113","lat":"28","long":"-113","area":"San Luis  Mexico North America"},{"location_key":"42667","location_name":"28, -112","lat":"28","long":"-112","area":"Bahía de Kino  Mexico "},{"location_key":"42837","location_name":"28, 58","lat":"28","long":"58","area":"Bam  Iran Asia"},{"location_key":"42838","location_name":"28, 59","lat":"28","long":"59","area":"Bam  Iran Asia"},{"location_key":"42840","location_name":"28, 61","lat":"28","long":"61","area":"Kh?sh  Iran Asia"},{"location_key":"42842","location_name":"28, 63","lat":"28","long":"63","area":"Dalbandin  Pakistan Asia"},{"location_key":"42863","location_name":"28, 84","lat":"28","long":"84","area":"Bharatpur  Nepal Asia"},{"location_key":"42907","location_name":"28, 128","lat":"28","long":"128","area":"Naze  Japan "},{"location_key":"43028","location_name":"29, -112","lat":"29","long":"-112","area":"Bahía de Kino  Mexico North America"},{"location_key":"43242","location_name":"29, 102","lat":"29","long":"102","area":"Kangding  China Asia"},{"location_key":"43269","location_name":"29, 129","lat":"29","long":"129","area":"Naze  Japan "},{"location_key":"43278","location_name":"29, 138","lat":"29","long":"138","area":"Izu Islands  Japan region "},{"location_key":"43584","location_name":"30, 83","lat":"30","long":"83","area":"Jumla  Nepal Asia"},{"location_key":"43603","location_name":"30, 102","lat":"30","long":"102","area":"Linqiong  China Asia"},{"location_key":"43965","location_name":"31, 103","lat":"31","long":"103","area":"Tianpeng  China Asia"},{"location_key":"43990","location_name":"31, 128","lat":"31","long":"128","area":"Makurazaki  Japan "},{"location_key":"44108","location_name":"32, -115","lat":"32","long":"-115","area":"Delta  B.C.  MX North America"},{"location_key":"44353","location_name":"32, 130","lat":"32","long":"130","area":"Kumamoto  Japan Asia"},{"location_key":"44363","location_name":"32, 140","lat":"32","long":"140","area":"Tateyama  Japan "},{"location_key":"44680","location_name":"33, 96","lat":"33","long":"96","area":"Qamdo  China Asia"},{"location_key":"44687","location_name":"33, 103","lat":"33","long":"103","area":"Mawu  China Asia"},{"location_key":"44714","location_name":"33, 130","lat":"33","long":"130","area":"Maebaru-ch??  Japan Asia"},{"location_key":"44720","location_name":"33, 136","lat":"33","long":"136","area":"Shing?  Japan "},{"location_key":"44721","location_name":"33, 137","lat":"33","long":"137","area":"?yama  Japan "},{"location_key":"44970","location_name":"34, 25","lat":"34","long":"25","area":"Néa Anatolí  Greece "},{"location_key":"44990","location_name":"34, 45","lat":"34","long":"45","area":"?alabja  Iraq Asia"},{"location_key":"45018","location_name":"34, 73","lat":"34","long":"73","area":"Muzaffar?b?d  Pakistan Asia"},{"location_key":"45043","location_name":"34, 98","lat":"34","long":"98","area":"Southern Qinghai  China Asia"},{"location_key":"45077","location_name":"34, 132","lat":"34","long":"132","area":"Kure  Japan Asia"},{"location_key":"45086","location_name":"34, 141","lat":"34","long":"141","area":"Katsuura  Japan "},{"location_key":"45185","location_name":"35, -121","lat":"35","long":"-121","area":"San Simeon  California North America"},{"location_key":"45189","location_name":"35, -117","lat":"35","long":"-117","area":"Searles Valley  CA North America"},{"location_key":"45329","location_name":"35, 23","lat":"35","long":"23","area":"Kíssamos  Greece Europe"},{"location_key":"45337","location_name":"35, 31","lat":"35","long":"31","area":"Pólis  Cyprus Asia"},{"location_key":"45355","location_name":"35, 49","lat":"35","long":"49","area":"Abhar  Iran Asia"},{"location_key":"45387","location_name":"35, 81","lat":"35","long":"81","area":"Hotan  China Asia"},{"location_key":"45388","location_name":"35, 82","lat":"35","long":"82","area":"Hotan  China Asia"},{"location_key":"45396","location_name":"35, 90","lat":"35","long":"90","area":"Southern Qinghai  China Asia"},{"location_key":"45670","location_name":"36, 3","lat":"36","long":"3","area":"Dellys  Algeria "},{"location_key":"45688","location_name":"36, 21","lat":"36","long":"21","area":"Koróni  Greece Europe"},{"location_key":"45690","location_name":"36, 23","lat":"36","long":"23","area":"Kýthira  Greece Europe"},{"location_key":"45694","location_name":"36, 27","lat":"36","long":"27","area":"Kos  Greece Asia"},{"location_key":"45737","location_name":"36, 70","lat":"36","long":"70","area":"Jurm  Afghanistan Asia"},{"location_key":"45738","location_name":"36, 71","lat":"36","long":"71","area":"Ashk?sham  Afghanistan Asia"},{"location_key":"45801","location_name":"36, 134","lat":"36","long":"134","area":"Mikuni  Japan "},{"location_key":"45808","location_name":"36, 141","lat":"36","long":"141","area":"Hasaki  Japan "},{"location_key":"46048","location_name":"37, 20","lat":"37","long":"20","area":"Lithakiá  Greece Europe"},{"location_key":"46054","location_name":"37, 26","lat":"37","long":"26","area":"Néon Karlovásion  Greece Europe"},{"location_key":"46129","location_name":"37, 101","lat":"37","long":"101","area":"northern Qinghai  China Asia"},{"location_key":"46164","location_name":"37, 136","lat":"37","long":"136","area":"Nanao  Japan Asia"},{"location_key":"46166","location_name":"37, 138","lat":"37","long":"138","area":"Kashiwazaki  Japan Asia"},{"location_key":"46168","location_name":"37, 140","lat":"37","long":"140","area":"Ishikawa  Japan Asia"},{"location_key":"46169","location_name":"37, 141","lat":"37","long":"141","area":"Namie  Japan Asia"},{"location_key":"46170","location_name":"37, 142","lat":"37","long":"142","area":"Namie  Japan "},{"location_key":"46171","location_name":"37, 143","lat":"37","long":"143","area":"?funato  Japan "},{"location_key":"46272","location_name":"38, -117","lat":"38","long":"-117","area":"Monte Cristo Range  NV Earthquake North America"},{"location_key":"46420","location_name":"38, 31","lat":"38","long":"31","area":"Sultanda??  Turkey Asia"},{"location_key":"46428","location_name":"38, 39","lat":"38","long":"39","area":"Do?anyol  Turkey Asia"},{"location_key":"46432","location_name":"38, 43","lat":"38","long":"43","area":"Van  Turkey Asia"},{"location_key":"46461","location_name":"38, 72","lat":"38","long":"72","area":"Murghob  Tajikistan Asia"},{"location_key":"46530","location_name":"38, 141","lat":"38","long":"141","area":"Ishinomaki  Japan Asia"},{"location_key":"46531","location_name":"38, 142","lat":"38","long":"142","area":"?funato  Japan Asia"},{"location_key":"46533","location_name":"38, 144","lat":"38","long":"144","area":"Kamaishi  Japan "},{"location_key":"46774","location_name":"39, 24","lat":"39","long":"24","area":"Skýros  Greece Europe"},{"location_key":"46823","location_name":"39, 73","lat":"39","long":"73","area":"Nookat  Kyrgyzstan Asia"},{"location_key":"46890","location_name":"39, 140","lat":"39","long":"140","area":"Mizusawa  Japan Asia"},{"location_key":"46891","location_name":"39, 141","lat":"39","long":"141","area":"Morioka  Japan Asia"},{"location_key":"46892","location_name":"39, 142","lat":"39","long":"142","area":"Miyako  Japan Asia"},{"location_key":"46985","location_name":"40, -126","lat":"40","long":"-126","area":"Ferndale  California "},{"location_key":"46986","location_name":"40, -125","lat":"40","long":"-125","area":"Indianola  California "},{"location_key":"46987","location_name":"40, -124","lat":"40","long":"-124","area":"Ferndale  California North America"},{"location_key":"47136","location_name":"40, 25","lat":"40","long":"25","area":"Ka3iótissa  Greece Europe"},{"location_key":"47253","location_name":"40, 142","lat":"40","long":"142","area":"Miyako  Japan "},{"location_key":"47347","location_name":"41, -125","lat":"41","long":"-125","area":"Big Lagoon  California "},{"location_key":"47614","location_name":"41, 142","lat":"41","long":"142","area":"Shizunai-furukawach?  Japan Asia"},{"location_key":"47615","location_name":"41, 143","lat":"41","long":"143","area":"Shizunai-furukawach?  Japan Asia"},{"location_key":"47846","location_name":"42, 13","lat":"42","long":"13","area":"Preci  Italy Europe"},{"location_key":"47974","location_name":"42, 141","lat":"42","long":"141","area":"Chitose  Japan Asia"},{"location_key":"47976","location_name":"42, 143","lat":"42","long":"143","area":"Obihiro  Japan Asia"},{"location_key":"47977","location_name":"42, 144","lat":"42","long":"144","area":"Kushiro  Japan Asia"},{"location_key":"47978","location_name":"42, 145","lat":"42","long":"145","area":"Nemuro  Japan Asia"},{"location_key":"48339","location_name":"43, 145","lat":"43","long":"145","area":"Nemuro  Japan Asia"},{"location_key":"48440","location_name":"44, -115","lat":"44","long":"-115","area":"Stanley  Idaho North America"},{"location_key":"49064","location_name":"45, 148","lat":"45","long":"148","area":"Kuril’sk  Russia Asia"},{"location_key":"49427","location_name":"46, 150","lat":"46","long":"150","area":"Kuril’sk  Russia Asia"},{"location_key":"49431","location_name":"46, 154","lat":"46","long":"154","area":"the Kuril Islands "},{"location_key":"49516","location_name":"47, -122","lat":"47","long":"-122","area":"Longbranch  Washington North America"},{"location_key":"50156","location_name":"48, 157","lat":"48","long":"157","area":"Severo-Kuril’sk  Russia "},{"location_key":"50231","location_name":"49, -129","lat":"49","long":"-129","area":"Port McNeill  Canada "},{"location_key":"50232","location_name":"49, -128","lat":"49","long":"-128","area":"Port McNeill  Canada "},{"location_key":"50233","location_name":"49, -127","lat":"49","long":"-127","area":"Vernon  Canada "},{"location_key":"50505","location_name":"49, 145","lat":"49","long":"145","area":"Poronaysk  Russia "},{"location_key":"50516","location_name":"49, 156","lat":"49","long":"156","area":"Severo-Kuril’sk  Russia "},{"location_key":"50808","location_name":"50, 87","lat":"50","long":"87","area":"Aktash  Russia Asia"},{"location_key":"50878","location_name":"50, 157","lat":"50","long":"157","area":"Ozer11skiy  Russia Asia"},{"location_key":"50904","location_name":"51, -178","lat":"51","long":"-178","area":"Adak  Alaska North America"},{"location_key":"50907","location_name":"51, -175","lat":"51","long":"-175","area":"Atka  Alaska "},{"location_key":"50908","location_name":"51, -174","lat":"51","long":"-174","area":"Atka  Alaska "},{"location_key":"51177","location_name":"51, 95","lat":"51","long":"95","area":"Saryg-9  Russia Asia"},{"location_key":"51182","location_name":"51, 100","lat":"51","long":"100","area":"Turt  Mongolia Asia"},{"location_key":"51239","location_name":"51, 157","lat":"51","long":"157","area":"Ozer11skiy  Russia Asia"},{"location_key":"51260","location_name":"51, 178","lat":"51","long":"178","area":"Rat Islands  Aleutian Islands  Alaska North America"},{"location_key":"51274","location_name":"52, -169","lat":"52","long":"-169","area":"Fox Islands  Aleutian Islands  Alaska "},{"location_key":"51275","location_name":"52, -168","lat":"52","long":"-168","area":"Nikolski  Alaska "},{"location_key":"51276","location_name":"52, -167","lat":"52","long":"-167","area":"Nikolski  Alaska "},{"location_key":"51311","location_name":"52, -132","lat":"52","long":"-132","area":"Prince Rupert  Canada North America"},{"location_key":"51596","location_name":"52, 153","lat":"52","long":"153","area":"Ozer11skiy  Russia "},{"location_key":"51619","location_name":"52, 176","lat":"52","long":"176","area":"Attu Station  Alaska North America"},{"location_key":"51962","location_name":"53, 158","lat":"53","long":"158","area":"Mil’kovo  Russia Asia"},{"location_key":"52006","location_name":"54, -159","lat":"54","long":"-159","area":"Sand Point  Alaska North America"},{"location_key":"52328","location_name":"54, 163","lat":"54","long":"163","area":"Ust’-Kamchatsk Staryy  Russia "},{"location_key":"52333","location_name":"54, 168","lat":"54","long":"168","area":"Komandorskiye Ostrova  Russia region "},{"location_key":"52335","location_name":"54, 170","lat":"54","long":"170","area":"Attu Station  Alaska "},{"location_key":"52368","location_name":"55, -158","lat":"55","long":"-158","area":"Perryville  Alaska "},{"location_key":"52369","location_name":"55, -157","lat":"55","long":"-157","area":"Perryville  Alaska "},{"location_key":"52392","location_name":"55, -134","lat":"55","long":"-134","area":"Edna Bay  Alaska "},{"location_key":"52685","location_name":"55, 159","lat":"55","long":"159","area":"Atlasovo  Russia Asia"},{"location_key":"52686","location_name":"55, 160","lat":"55","long":"160","area":"Atlasovo  Russia Asia"},{"location_key":"52690","location_name":"55, 164","lat":"55","long":"164","area":"Ust’-Kamchatsk Staryy  Russia "},{"location_key":"52731","location_name":"56, -156","lat":"56","long":"-156","area":"Chignik  Alaska North America"},{"location_key":"52734","location_name":"56, -153","lat":"56","long":"-153","area":"Old Harbor  Alaska North America"},{"location_key":"52738","location_name":"56, -149","lat":"56","long":"-149","area":"Chiniak  Alaska "},{"location_key":"53049","location_name":"56, 162","lat":"56","long":"162","area":"Ust’-Kamchatsk Staryy  Russia Asia"},{"location_key":"53455","location_name":"58, -154","lat":"58","long":"-154","area":"Kokhanok  Alaska North America"},{"location_key":"53817","location_name":"59, -153","lat":"59","long":"-153","area":"Pedro Bay  Alaska North America"},{"location_key":"54496","location_name":"60, 165","lat":"60","long":"165","area":"Tilichiki  Russia Asia"},{"location_key":"54498","location_name":"60, 167","lat":"60","long":"167","area":"Tilichiki  Russia Asia"},{"location_key":"54543","location_name":"61, -149","lat":"61","long":"-149","area":"Point MacKenzie  Alaska North America"},{"location_key":"55267","location_name":"63, -147","lat":"63","long":"-147","area":"Cantwell  Alaska North America"},{"location_key":"57000","location_name":"67, 142","lat":"67","long":"142","area":"Belaya Gora  Russia Asia"},{"location_key":"58291","location_name":"71, -11","lat":"71","long":"-11","area":"Olonkinbyen  Svalbard and 1 5en "}]